_step,_runtime,_timestamp,Training/Update/machine_actor_loss,Training/Update/job_actor_loss,Training/Update/global_critic_loss,Evaluation/100instances/mk_eval_std,Evaluation/100instances/pt_eval_std,Evaluation/100instances/transT_eval_std,Evaluation/100instances/idleT_eval_mean,Evaluation/100instances/transT_eval_mean,Evaluation/100instances/obj_eval_std,Evaluation/100instances/mk_eval_mean,Evaluation/100instances/idleT_eval_std,Evaluation/100instances/pt_eval_mean,Evaluation/100instances/obj_eval_mean
0,10.651858793,1746507848.5245287,,,,,,,,,,,,,
1,15.461449568,1746507853.3334584,,,,,,,,,,,,,
2,20.287454086,1746507858.1605322,,,,,,,,,,,,,
3,24.988373941,1746507862.861718,,,,,,,,,,,,,
4,71.422724546,1746507909.295564,0.39569029211997986,0.1842794269323349,0.4892287254333496,,,,,,,,,,
5,78.330636618,1746507916.2037425,,,,,,,,,,,,,
6,83.042544122,1746507920.9157739,,,,,,,,,,,,,
7,87.927329959,1746507925.7993639,,,,,,,,,,,,,
8,92.863947839,1746507930.7372265,,,,,,,,,,,,,
9,203.125344777,1746508040.9980168,0.1276198923587799,0.13869845867156982,0.46878623962402344,87.84132294490628,73.97086801428307,40.06977593769424,858.5147195941579,265.40514034782683,143.54060968363046,689.8132040351784,293.87419058986325,522.8542659332537,881.5539038946011
10,208.624466463,1746508046.4976315,,,,,,,,,,,,,
11,212.316158311,1746508050.1893113,,,,,,,,,,,,,
12,216.811511172,1746508054.6847417,,,,,,,,,,,,,
13,221.48630111,1746508059.3594441,,,,,,,,,,,,,
14,262.251391991,1746508100.1243188,0.19104455411434174,0.1806740015745163,0.5871586799621582,,,,,,,,,,
15,269.325388781,1746508107.1984892,,,,,,,,,,,,,
16,273.144994616,1746508111.0181296,,,,,,,,,,,,,
17,277.452667126,1746508115.3259082,,,,,,,,,,,,,
18,281.793261324,1746508119.6664279,,,,,,,,,,,,,
19,375.672295225,1746508213.5450656,0.07164183259010315,0.13351628184318542,0.5042393207550049,88.41352791192615,75.33495407945802,43.736039054816615,847.676442042922,256.6395385980461,154.94148387940496,668.7920950569314,310.3463118738385,524.3287519560306,867.6468233419629
20,381.357421181,1746508219.2305539,,,,,,,,,,,,,
21,385.385294442,1746508223.258451,,,,,,,,,,,,,
22,389.524066197,1746508227.39718,,,,,,,,,,,,,
23,394.28298223,1746508232.1561325,,,,,,,,,,,,,
24,434.744291405,1746508272.617315,0.004442417528480291,-0.020167414098978043,0.4464397430419922,,,,,,,,,,
25,440.676313945,1746508278.5494006,,,,,,,,,,,,,
26,444.773357557,1746508282.6465251,,,,,,,,,,,,,
27,449.109657042,1746508286.982899,,,,,,,,,,,,,
28,453.222111136,1746508291.0952904,,,,,,,,,,,,,
29,547.523625109,1746508385.3964286,0.10435910522937775,0.10715419054031372,0.4708908200263977,78.33541824626239,76.97830145140462,36.8851515267209,731.5058326529501,271.9019433078207,109.92688871921277,599.3071751581809,209.11199195783877,521.6940237968262,795.3832013047469
30,553.62839115,1746508391.5014336,,,,,,,,,,,,,
31,557.636145057,1746508395.5093186,,,,,,,,,,,,,
32,561.779095337,1746508399.6168263,,,,,,,,,,,,,
33,565.952701337,1746508403.8259423,,,,,,,,,,,,,
34,605.072930829,1746508442.9457912,0.08601778000593185,0.17339611053466797,0.5320773124694824,,,,,,,,,,
35,610.45944784,1746508448.332504,,,,,,,,,,,,,
36,614.456668892,1746508452.3299246,,,,,,,,,,,,,
37,618.718456477,1746508456.591644,,,,,,,,,,,,,
38,622.854967418,1746508460.7282846,,,,,,,,,,,,,
39,717.588385348,1746508555.4611704,0.06480847299098969,0.13019755482673645,0.4939389228820801,67.24167491139993,76.86184852683374,40.02059025750104,720.8276658046894,275.1210265878244,103.13123454664624,570.2582784855526,181.23783445475954,521.7632782974011,780.1638943526223
40,723.120119649,1746508560.9932554,,,,,,,,,,,,,
41,727.479566908,1746508565.3526762,,,,,,,,,,,,,
42,731.579523098,1746508569.4526606,,,,,,,,,,,,,
43,735.508520524,1746508573.3817475,,,,,,,,,,,,,
44,776.253435895,1746508614.1263087,0.09795936197042465,0.131937175989151,0.553541362285614,,,,,,,,,,
45,782.837074098,1746508620.7102323,,,,,,,,,,,,,
46,787.060771381,1746508624.9338343,,,,,,,,,,,,,
47,791.205774956,1746508629.0790253,,,,,,,,,,,,,
48,795.607730196,1746508633.480919,,,,,,,,,,,,,
49,889.630058771,1746508727.5029607,0.14617657661437988,0.23726820945739746,0.6467315554618835,82.09922233038643,78.1614124925724,41.75634089449531,765.9258392550272,255.81084686054922,131.68391213486655,659.6295200081702,262.25948130233235,524.8375158574303,831.3193194203609
50,895.337491418,1746508733.2107077,,,,,,,,,,,,,
51,899.326307846,1746508737.1993473,,,,,,,,,,,,,
52,902.843114915,1746508740.7162483,,,,,,,,,,,,,
53,907.102625804,1746508744.9757135,,,,,,,,,,,,,
54,947.513084729,1746508785.3860347,0.0032563190907239914,0.05106084421277046,0.5506232976913452,,,,,,,,,,
55,953.669286294,1746508791.5422966,,,,,,,,,,,,,
56,957.176098578,1746508795.0468035,,,,,,,,,,,,,
57,960.88956707,1746508798.762797,,,,,,,,,,,,,
58,964.598828729,1746508802.4719875,,,,,,,,,,,,,
59,1057.013998984,1746508894.886803,0.015889868140220642,0.1129690408706665,0.5297608971595764,60.77766643130052,76.14077303680676,38.004733913511565,739.3742565119205,265.2667553791364,104.6105565679994,590.0523487090948,195.00432553955943,525.1886768819727,794.8994639170222
60,1062.136358642,1746508900.0096607,,,,,,,,,,,,,
61,1065.648492391,1746508903.52191,,,,,,,,,,,,,
62,1070.061381539,1746508907.9347336,,,,,,,,,,,,,
63,1073.543052308,1746508911.416358,,,,,,,,,,,,,
64,1113.75133558,1746508951.6242332,0.09347843378782272,0.14916859567165375,0.5562887191772461,,,,,,,,,,
65,1120.586563907,1746508958.459634,,,,,,,,,,,,,
66,1124.237762938,1746508962.1109352,,,,,,,,,,,,,
67,1127.886430867,1746508965.7595634,,,,,,,,,,,,,
68,1131.888909318,1746508969.7621086,,,,,,,,,,,,,
69,1225.955848034,1746509063.8285043,0.04321754723787308,0.15410013496875763,0.5285946726799011,58.84764733441906,76.38866826650985,35.80464031330304,687.3585813591432,267.72089235420356,97.58771197134712,555.0498874969568,185.26099278293302,524.2463200275306,760.2060940242932
70,1232.087401433,1746509069.9605043,,,,,,,,,,,,,
71,1236.504041214,1746509074.377126,,,,,,,,,,,,,
72,1240.661599355,1746509078.5348802,,,,,,,,,,,,,
73,1244.47765168,1746509082.3508854,,,,,,,,,,,,,
74,1283.824448137,1746509121.697202,0.04746036231517792,0.13208916783332825,0.5172553658485413,,,,,,,,,,
75,1289.755742131,1746509127.6288202,,,,,,,,,,,,,
76,1293.095509683,1746509130.9686346,,,,,,,,,,,,,
77,1296.953695444,1746509134.826928,,,,,,,,,,,,,
78,1300.630920292,1746509138.5040698,,,,,,,,,,,,,
79,1390.819717793,1746509228.6924767,0.07854744791984558,0.06569354981184006,0.5487820506095886,68.83711595428684,76.3742199041988,44.78181430217884,754.9385067583835,275.676656666761,106.95122585172244,571.8408978598874,204.3791366881054,525.590994502486,796.083490981655
80,1396.295125951,1746509234.1682677,,,,,,,,,,,,,
81,1401.544417347,1746509239.4176438,,,,,,,,,,,,,
82,1406.96152929,1746509244.8346155,,,,,,,,,,,,,
83,1411.764029355,1746509249.6372585,,,,,,,,,,,,,
84,1451.38366907,1746509289.2566476,0.16784150898456573,0.16681113839149475,0.5932454466819763,,,,,,,,,,
85,1457.220668815,1746509295.0938241,,,,,,,,,,,,,
86,1461.407043653,1746509299.2802474,,,,,,,,,,,,,
87,1465.073301865,1746509302.9465978,,,,,,,,,,,,,
88,1469.082394497,1746509306.9555185,,,,,,,,,,,,,
89,1564.221162715,1746509402.0938203,0.13491037487983704,0.19149886071681976,0.601606011390686,56.187487630081755,73.51635276107906,39.22451883609494,725.8397245407465,264.5837976645496,101.68698376757436,554.9678621037353,186.38222404066,524.1831558247981,774.9130565206219
90,1569.476041135,1746509407.349149,,,,,,,,,,,,,
91,1574.249965022,1746509412.123212,,,,,,,,,,,,,
92,1579.207586916,1746509417.0808141,,,,,,,,,,,,,
93,1583.985880737,1746509421.8591025,,,,,,,,,,,,,
94,1623.322626709,1746509461.1957471,0.08684241026639938,0.057211197912693024,0.49202558398246765,,,,,,,,,,
95,1628.920114795,1746509466.793243,,,,,,,,,,,,,
96,1633.347905537,1746509471.2210884,,,,,,,,,,,,,
97,1637.187087872,1746509475.0266538,,,,,,,,,,,,,
98,1641.703179714,1746509479.5764332,,,,,,,,,,,,,
99,1738.661421474,1746509576.5342867,0.1175052672624588,0.13374756276607513,0.5098764300346375,74.36404134752446,77.32622392607571,40.37337883534341,891.2572083616984,268.3351019051814,123.91633907097021,605.0591242702848,243.7820958987762,523.5587343547212,861.6170471757181
100,1744.516523004,1746509582.3897045,,,,,,,,,,,,,
101,1748.812710276,1746509586.6859083,,,,,,,,,,,,,
102,1752.667136955,1746509590.5401926,,,,,,,,,,,,,
103,1757.049130911,1746509594.9223588,,,,,,,,,,,,,
104,1795.216124144,1746509633.0891187,0.13416527211666107,0.21113577485084534,0.5220417380332947,,,,,,,,,,
105,1802.334747819,1746509640.2079172,,,,,,,,,,,,,
106,1806.975783467,1746509644.8489544,,,,,,,,,,,,,
107,1811.41580333,1746509649.28904,,,,,,,,,,,,,
108,1814.908418881,1746509652.7815466,,,,,,,,,,,,,
109,1904.940261463,1746509742.8129926,0.08920320123434067,0.12399151176214218,0.5390521883964539,78.85599963443632,78.11952112771775,42.26969621511999,953.3492832215918,262.2402999020002,135.53705751784065,647.2298419949915,269.9171577807396,523.6524826232421,902.14070311633
110,1910.9065525,1746509748.77966,,,,,,,,,,,,,
111,1914.736586524,1746509752.6097736,,,,,,,,,,,,,
112,1918.243250657,1746509756.1163683,,,,,,,,,,,,,
113,1922.107278588,1746509759.980526,,,,,,,,,,,,,
114,1960.621070472,1746509798.493629,0.046772606670856476,0.0930955782532692,0.47954416275024414,,,,,,,,,,
115,1966.690043924,1746509804.5632236,,,,,,,,,,,,,
116,1971.399861122,1746509809.2730496,,,,,,,,,,,,,
117,1975.497261458,1746509813.3704827,,,,,,,,,,,,,
118,1979.065969253,1746509816.93937,,,,,,,,,,,,,
119,2070.981736309,1746509908.8544724,0.11073406040668488,0.08540258556604385,0.5216237306594849,95.60423015110297,76.52074945665771,40.609660187702744,1097.3030310874785,266.25265728693785,180.42596313192783,656.4726277659306,389.4553708417276,524.6692785081807,964.6285064020237
120,2077.471933424,1746509915.3451102,,,,,,,,,,,,,
121,2081.138282993,1746509919.0113888,,,,,,,,,,,,,
122,2085.533717182,1746509923.4069474,,,,,,,,,,,,,
123,2089.620813366,1746509927.494115,,,,,,,,,,,,,
124,2129.596075837,1746509967.469017,0.15117454528808594,0.16314049065113068,0.5260007977485657,,,,,,,,,,
125,2135.913589987,1746509973.7867713,,,,,,,,,,,,,
126,2140.0957158,1746509977.9689388,,,,,,,,,,,,,
127,2144.237793105,1746509982.1109383,,,,,,,,,,,,,
128,2147.80424821,1746509985.677389,,,,,,,,,,,,,
129,2240.471793529,1746510078.3445296,0.07688399404287338,0.11343146860599518,0.4879318177700043,136.85025159527126,75.86022107861093,41.54503951046352,1326.7015654727988,255.65268750755024,263.9995845727289,741.2373035747058,556.1549301757059,523.5881069805814,1087.7413279127445
130,2246.356887242,1746510084.2300482,,,,,,,,,,,,,
131,2250.520281344,1746510088.3935778,,,,,,,,,,,,,
132,2255.323687578,1746510093.1969209,,,,,,,,,,,,,
133,2260.207314879,1746510098.0806446,,,,,,,,,,,,,
134,2299.114492863,1746510136.9874747,0.09370020776987076,0.10187032073736191,0.5636035799980164,,,,,,,,,,
135,2306.029489851,1746510143.9025717,,,,,,,,,,,,,
136,2310.375152641,1746510148.2484741,,,,,,,,,,,,,
137,2314.494744981,1746510152.3679855,,,,,,,,,,,,,
138,2318.532849071,1746510156.406171,,,,,,,,,,,,,
139,2410.439932442,1746510248.3127618,0.039122603833675385,0.07569470256567001,0.514890193939209,147.55499407881342,76.36169662596079,49.01577336282158,1368.6662464875292,240.40440531477182,271.90561554968343,805.3689477977628,567.0734505175409,523.9053502820104,1127.2570988898758
140,2416.848172935,1746510254.7213888,,,,,,,,,,,,,
141,2421.242943193,1746510259.1160989,,,,,,,,,,,,,
142,2425.130908159,1746510263.0042078,,,,,,,,,,,,,
143,2429.131656936,1746510267.004853,,,,,,,,,,,,,
144,2470.126719331,1746510307.99939,0.14538317918777466,0.16604657471179962,0.546959638595581,,,,,,,,,,
145,2475.878957755,1746510313.752023,,,,,,,,,,,,,
146,2480.134196788,1746510318.00744,,,,,,,,,,,,,
147,2484.660823049,1746510322.534039,,,,,,,,,,,,,
148,2489.243368785,1746510327.116751,,,,,,,,,,,,,
149,2584.920412347,1746510422.7930913,0.10145702213048935,0.159214049577713,0.5622707009315491,126.0516689445725,74.88740188565384,49.37581616875647,1083.728789688253,252.0979050448212,221.55079237236916,721.8523248622428,464.608252014646,524.0242080283678,982.2617100405097
150,2590.572885615,1746510428.446141,,,,,,,,,,,,,
151,2594.325531644,1746510432.19868,,,,,,,,,,,,,
152,2598.090883179,1746510435.9640546,,,,,,,,,,,,,
153,2602.847817188,1746510440.7210028,,,,,,,,,,,,,
154,2642.261719026,1746510480.134698,0.0966128334403038,0.07638799399137497,0.524153470993042,,,,,,,,,,
155,2648.288947789,1746510486.162053,,,,,,,,,,,,,
156,2652.54147971,1746510490.4146013,,,,,,,,,,,,,
157,2656.788131735,1746510494.6614149,,,,,,,,,,,,,
158,2660.796778439,1746510498.6699567,,,,,,,,,,,,,
159,2750.491464162,1746510588.3641074,0.09448843449354172,0.044646359980106354,0.49937352538108826,83.61415704394625,75.91730356607067,39.26038419910849,862.2824163915461,251.66621306984382,162.12947999187188,659.5088816452414,346.0366387610974,525.842639135459,869.3868174828675
160,2755.647776251,1746510593.5209358,,,,,,,,,,,,,
161,2759.523845075,1746510597.3970187,,,,,,,,,,,,,
162,2763.555195479,1746510601.4283566,,,,,,,,,,,,,
163,2767.541189846,1746510605.414406,,,,,,,,,,,,,
164,2806.719530495,1746510644.592553,0.14778351783752441,0.1877763271331787,0.5120717287063599,,,,,,,,,,
165,2813.546299383,1746510651.4194324,,,,,,,,,,,,,
166,2818.164726981,1746510656.03785,,,,,,,,,,,,,
167,2821.871184144,1746510659.7443926,,,,,,,,,,,,,
168,2825.732122476,1746510663.6053376,,,,,,,,,,,,,
169,2920.135086613,1746510758.0078185,0.10196274518966675,0.13763241469860077,0.5244700312614441,187.7692250747282,76.42460231778767,44.030535893188265,1617.6865572151655,233.9577013365359,350.73786310565885,864.6616951419933,734.8696064218432,525.07502838926,1249.7608525658748
170,2926.131423049,1746510764.0045893,,,,,,,,,,,,,
171,2930.77088929,1746510768.6440017,,,,,,,,,,,,,
172,2935.322150777,1746510773.1953535,,,,,,,,,,,,,
173,2939.900165006,1746510777.7732716,,,,,,,,,,,,,
174,2977.173974444,1746510815.0468428,0.1896437257528305,0.18608419597148895,0.5469163060188293,,,,,,,,,,
175,2983.290179934,1746510821.1633296,,,,,,,,,,,,,
176,2986.984953039,1746510824.8581352,,,,,,,,,,,,,
177,2990.372438378,1746510828.2451494,,,,,,,,,,,,,
178,2994.819392978,1746510832.6926472,,,,,,,,,,,,,
179,3085.401131478,1746510923.2738168,-0.03692486509680748,-0.018037760630249977,0.4585447907447815,177.53180985197778,74.30631637740753,51.20350317872316,1532.032511099598,243.673422626665,311.96806085642487,839.3458170487856,645.2845716088125,524.3600575088003,1207.0300387882064
180,3091.240121726,1746510929.113291,,,,,,,,,,,,,
181,3094.921228069,1746510932.794293,,,,,,,,,,,,,
182,3099.231500737,1746510937.1046562,,,,,,,,,,,,,
183,3102.951668799,1746510940.8249295,,,,,,,,,,,,,
184,3142.188158897,1746510980.0611012,0.09737568348646164,0.05806834623217583,0.49157246947288513,,,,,,,,,,
185,3148.585279871,1746510986.458303,,,,,,,,,,,,,
186,3152.756551906,1746510990.6286664,,,,,,,,,,,,,
187,3157.316581738,1746510995.1897533,,,,,,,,,,,,,
188,3161.597405095,1746510999.4706306,,,,,,,,,,,,,
189,3257.7534191,1746511095.6261592,0.13927197456359863,0.11566191911697388,0.5161846280097961,210.05576195368434,75.55040922919189,58.13105118277723,1824.0850956397182,223.49615729345427,389.90793766479374,955.5210662189229,819.0124873274347,522.4608440334231,1365.5260338155172
190,3264.252446312,1746511102.1255364,,,,,,,,,,,,,
191,3267.802116343,1746511105.6753118,,,,,,,,,,,,,
192,3271.347984257,1746511109.2211726,,,,,,,,,,,,,
193,3275.270655779,1746511113.1437743,,,,,,,,,,,,,
194,3314.395482618,1746511152.2684038,0.16739104688167572,0.23005104064941406,0.5255697965621948,,,,,,,,,,
195,3320.993426312,1746511158.8665478,,,,,,,,,,,,,
196,3324.662005369,1746511162.5352454,,,,,,,,,,,,,
197,3328.374118338,1746511166.2473125,,,,,,,,,,,,,
198,3332.329196934,1746511170.202289,,,,,,,,,,,,,
199,3430.099559885,1746511267.9723837,0.055241502821445465,0.07594595104455948,0.4843694865703583,197.2161529781639,74.83635147145175,49.137304575569964,2080.3414204517067,214.43626819793607,360.23257191772655,1023.1664261536384,751.217675597415,523.5146178970747,1493.6962394405555
200,3436.378293101,1746511274.25146,,,,,,,,,,,,,
201,3440.436882035,1746511278.3100138,,,,,,,,,,,,,
202,3444.876441529,1746511282.749692,,,,,,,,,,,,,
203,3449.027396821,1746511286.9006016,,,,,,,,,,,,,
204,3488.871801348,1746511326.7447605,0.01570247672498226,0.01840726099908352,0.5060782432556152,,,,,,,,,,
205,3495.17494763,1746511333.0480006,,,,,,,,,,,,,
206,3499.352522459,1746511337.225731,,,,,,,,,,,,,
207,3503.296550613,1746511341.1698356,,,,,,,,,,,,,
208,3507.285966815,1746511345.159169,,,,,,,,,,,,,
209,3604.997211197,1746511442.8690317,0.2252608835697174,0.16937655210494995,0.6120771765708923,177.9964608226677,76.59433893109855,49.547975454168295,2087.210260323186,208.59129863954539,385.6796872204008,1018.4783592608761,836.5763381845134,521.3788452966198,1492.5452456801816
210,3610.827971276,1746511448.7010083,,,,,,,,,,,,,
211,3614.991306463,1746511452.864571,,,,,,,,,,,,,
212,3619.568856741,1746511457.4420516,,,,,,,,,,,,,
213,3622.929923992,1746511460.803182,,,,,,,,,,,,,
214,3662.758874864,1746511500.631781,0.12189768999814987,0.14097778499126434,0.5172953605651855,,,,,,,,,,
215,3669.067176542,1746511506.9402537,,,,,,,,,,,,,
216,3673.072982388,1746511510.946329,,,,,,,,,,,,,
217,3677.254474547,1746511515.1277506,,,,,,,,,,,,,
218,3680.705742484,1746511518.5789473,,,,,,,,,,,,,
219,3778.465908869,1746511616.338221,0.043207135051488876,0.04964516684412956,0.5272413492202759,178.62794470440275,77.72490992028548,52.227663509286025,2019.7796262901172,194.56524512021446,364.86815652166666,1069.159875138243,798.8523300550141,523.0058520878606,1483.6911904305314
220,3784.920284263,1746511622.7932825,,,,,,,,,,,,,
221,3788.493854369,1746511626.3672423,,,,,,,,,,,,,
222,3792.221574411,1746511630.094738,,,,,,,,,,,,,
223,3796.502761803,1746511634.3758974,,,,,,,,,,,,,
224,3835.740746876,1746511673.6136594,0.023016413673758507,0.04636821150779724,0.5011601448059082,,,,,,,,,,
225,3841.673229668,1746511679.546199,,,,,,,,,,,,,
226,3846.13754678,1746511684.0107322,,,,,,,,,,,,,
227,3850.009306058,1746511687.88244,,,,,,,,,,,,,
228,3854.694655871,1746511692.5677905,,,,,,,,,,,,,
229,3949.457317149,1746511787.3300583,0.016143212094902992,0.07809867709875107,0.4778057038784027,180.6057534851072,77.3815618153136,52.889527581461685,2075.789309423721,196.85260533527872,357.377942704406,1068.37888059563,782.2291210856656,523.3453535046033,1506.3759384766372
230,3955.064892486,1746511792.9379506,,,,,,,,,,,,,
231,3959.424122659,1746511797.2972457,,,,,,,,,,,,,
232,3963.54415924,1746511801.4173257,,,,,,,,,,,,,
233,3966.993549278,1746511804.8667083,,,,,,,,,,,,,
234,4005.257798722,1746511843.1307843,0.1190740093588829,0.1452455371618271,0.5029763579368591,,,,,,,,,,
235,4010.73270702,1746511848.6058724,,,,,,,,,,,,,
236,4014.8090714,1746511852.6822464,,,,,,,,,,,,,
237,4018.873707375,1746511856.7468555,,,,,,,,,,,,,
238,4022.534544884,1746511860.407667,,,,,,,,,,,,,
239,4114.301821963,1746511952.174576,0.14873383939266205,0.13041099905967712,0.5244624018669128,174.68426713590867,75.15936141669036,49.50618304592219,2311.124495351703,202.87142097567704,377.72460783909463,1066.5296983308103,826.4725825374353,522.2730793716986,1600.5451934168204
240,4120.340503524,1746511958.213705,,,,,,,,,,,,,
241,4124.497076985,1746511962.3701732,,,,,,,,,,,,,
242,4128.949396977,1746511966.822685,,,,,,,,,,,,,
243,4133.217026849,1746511971.0902767,,,,,,,,,,,,,
244,4172.125899286,1746512009.9988294,0.18953900039196014,0.2408820241689682,0.5560088157653809,,,,,,,,,,
245,4178.532023182,1746512016.4052565,,,,,,,,,,,,,
246,4182.857580744,1746512020.7307436,,,,,,,,,,,,,
247,4186.899324468,1746512024.7725885,,,,,,,,,,,,,
248,4190.68794671,1746512028.5610871,,,,,,,,,,,,,
249,4283.209789938,1746512121.0825508,-0.008992057293653488,0.07564923912286758,0.48506709933280945,194.24637822563312,74.81039390970182,53.18298694517527,1845.1113692679446,208.4355049495688,398.75369882688034,981.4039519637641,850.2384461529433,524.0826022011657,1381.9262703630638
250,4289.333944015,1746512127.207043,,,,,,,,,,,,,
251,4293.97683358,1746512131.8499007,,,,,,,,,,,,,
252,4298.516402707,1746512136.3896155,,,,,,,,,,,,,
253,4302.455463193,1746512140.3287365,,,,,,,,,,,,,
254,4340.819413084,1746512178.6924481,0.02860821783542633,0.1173718124628067,0.5450355410575867,,,,,,,,,,
255,4347.957308401,1746512185.8304486,,,,,,,,,,,,,
256,4352.668986824,1746512190.5421667,,,,,,,,,,,,,
257,4357.074547227,1746512194.9478283,,,,,,,,,,,,,
258,4361.339376673,1746512199.2125826,,,,,,,,,,,,,
259,4456.99683275,1746512294.8695927,0.09444233030080795,0.10341062396764755,0.5503851771354675,152.9877182370531,77.58945384460755,57.116096784374044,1237.904543125992,204.47064110152044,301.81798895641367,831.3600357804117,650.4093200719414,524.3200190176598,1078.3279673899297
260,4463.330101987,1746512301.203304,,,,,,,,,,,,,
261,4467.174883414,1746512305.0479238,,,,,,,,,,,,,
262,4471.821777687,1746512309.6949594,,,,,,,,,,,,,
263,4475.914835211,1746512313.7879853,,,,,,,,,,,,,
264,4516.843776232,1746512354.7167792,-0.033843040466308594,-0.01254644151777029,0.4488883912563324,,,,,,,,,,
265,4523.38790874,1746512361.2610447,,,,,,,,,,,,,
266,4527.346944415,1746512365.220181,,,,,,,,,,,,,
267,4531.542517496,1746512369.4158714,,,,,,,,,,,,,
268,4535.882878089,1746512373.7560334,,,,,,,,,,,,,
269,4628.841348984,1746512466.7142246,0.07454312592744827,0.14738357067108154,0.5549706816673279,159.15297850603696,78.82001604935184,55.46387850512884,1225.1866684246534,201.92580104358177,325.8712393056083,815.3924179894032,678.1279298389578,523.7193833589407,1066.1045481179153
270,4635.329428658,1746512473.2025049,,,,,,,,,,,,,
271,4639.747144544,1746512477.620286,,,,,,,,,,,,,
272,4644.304328901,1746512482.1775358,,,,,,,,,,,,,
273,4648.496976636,1746512486.3685153,,,,,,,,,,,,,
274,4689.214262582,1746512527.0871797,0.17742525041103363,0.13744114339351654,0.5723596811294556,,,,,,,,,,
275,4696.163520374,1746512534.0366852,,,,,,,,,,,,,
276,4700.714189226,1746512538.587261,,,,,,,,,,,,,
277,4704.964499482,1746512542.837673,,,,,,,,,,,,,
278,4708.950182748,1746512546.8234196,,,,,,,,,,,,,
279,4800.871179274,1746512638.7438579,0.21948359906673431,0.22590866684913635,0.583681046962738,167.3647574402284,77.66246116906008,55.53727824582487,1320.8242191746247,202.97689179305522,359.6687469450634,831.4073283849742,757.2550684401524,523.7994512069645,1111.0077778652362
280,4806.502919156,1746512644.376149,,,,,,,,,,,,,
281,4810.246050806,1746512648.1193175,,,,,,,,,,,,,
282,4814.331657875,1746512652.2047842,,,,,,,,,,,,,
283,4819.034867896,1746512656.9080095,,,,,,,,,,,,,
284,4858.549193891,1746512696.4221258,0.15114623308181763,0.15940013527870178,0.5397331118583679,,,,,,,,,,
285,4865.289850734,1746512703.1629894,,,,,,,,,,,,,
286,4868.471662497,1746512706.3447797,,,,,,,,,,,,,
287,4871.838016099,1746512709.711232,,,,,,,,,,,,,
288,4876.49178465,1746512714.3650148,,,,,,,,,,,,,
289,4972.612602592,1746512810.485388,0.11385631561279297,0.08765842765569687,0.538303017616272,130.17426758314343,76.822795355203,55.141255813835194,1265.2243362883166,216.79761565624366,257.2122965260148,769.4190645722723,536.1801138896316,523.3244263555633,1066.5466540177094
290,4978.922585925,1746512816.7957118,,,,,,,,,,,,,
291,4983.113024067,1746512820.9862041,,,,,,,,,,,,,
292,4987.658430156,1746512825.5316725,,,,,,,,,,,,,
293,4992.670001282,1746512830.5432508,,,,,,,,,,,,,
294,5032.428433524,1746512870.3013017,0.01870044879615307,0.08948608487844467,0.5010170340538025,,,,,,,,,,
295,5038.060803722,1746512875.9339335,,,,,,,,,,,,,
296,5041.908899136,1746512879.782032,,,,,,,,,,,,,
297,5045.827411857,1746512883.7005758,,,,,,,,,,,,,
298,5050.478247722,1746512888.3513844,,,,,,,,,,,,,
299,5146.091465407,1746512983.964209,0.10090076923370361,0.08025624603033066,0.5266764760017395,91.6645927314186,76.5148741487627,51.43894982428672,942.3886505569053,234.59443460053765,194.73041483896466,689.7259217665605,415.8535552452759,525.1608241373432,909.8290455044312
300,5151.220279882,1746512989.09335,,,,,,,,,,,,,
301,5156.759409223,1746512994.632566,,,,,,,,,,,,,
302,5160.128719555,1746512998.001975,,,,,,,,,,,,,
303,5163.748756971,1746513001.6218488,,,,,,,,,,,,,
304,5203.876208075,1746513041.7491372,0.09574916213750839,0.07099801301956177,0.46618005633354187,,,,,,,,,,
305,5210.110037798,1746513047.9832258,,,,,,,,,,,,,
306,5214.644657384,1746513052.51789,,,,,,,,,,,,,
307,5218.2218083,1746513056.095041,,,,,,,,,,,,,
308,5222.727827679,1746513060.6010532,,,,,,,,,,,,,
309,5317.890527799,1746513155.7632084,0.10934269428253174,0.14691029489040375,0.5008878111839294,82.8962330675249,76.46721897463364,49.14046661062811,865.6514830748913,234.38586877236014,162.02013346343466,672.3723161697609,335.69503329095727,523.4168964582042,871.4534520356148
310,5324.293717809,1746513162.1668994,,,,,,,,,,,,,
311,5328.988829369,1746513166.8619776,,,,,,,,,,,,,
312,5333.92438675,1746513171.7975805,,,,,,,,,,,,,
313,5337.718565372,1746513175.591775,,,,,,,,,,,,,
314,5376.921293114,1746513214.7943194,0.19086168706417084,0.21983933448791504,0.5287500619888306,,,,,,,,,,
315,5382.954771548,1746513220.8279474,,,,,,,,,,,,,
316,5386.444040683,1746513224.3171883,,,,,,,,,,,,,
317,5390.827746499,1746513228.700815,,,,,,,,,,,,,
318,5394.255667465,1746513232.128908,,,,,,,,,,,,,
319,5487.809281821,1746513325.6820445,0.09015966951847076,0.1060195192694664,0.56805819272995,99.76453905710909,75.78550427311494,51.06940587750846,907.1555782240007,239.55366643164862,190.52847502854678,674.1269215899852,416.1543921994088,522.9240003689763,889.5933333595145
320,5494.435437207,1746513332.308604,,,,,,,,,,,,,
321,5498.560680017,1746513336.4338696,,,,,,,,,,,,,
322,5502.961131501,1746513340.8343565,,,,,,,,,,,,,
323,5506.554523746,1746513344.4277716,,,,,,,,,,,,,
324,5545.969738467,1746513383.842699,0.08778855949640274,0.08245134353637695,0.4715023934841156,,,,,,,,,,
325,5553.110126581,1746513390.9832873,,,,,,,,,,,,,
326,5557.276786243,1746513395.1499233,,,,,,,,,,,,,
327,5561.601806102,1746513399.474939,,,,,,,,,,,,,
328,5565.803071766,1746513403.67621,,,,,,,,,,,,,
329,5662.691968714,1746513500.5647547,0.2340882271528244,0.24875247478485107,0.5876161456108093,63.36012429351758,78.59763194440954,41.51002004444729,685.5608509175315,250.64933159813663,131.13847231471766,608.3331535662662,270.4538432302675,526.3997851409358,778.2473821695207
330,5668.637544589,1746513506.5107014,,,,,,,,,,,,,
331,5673.935125595,1746513511.8082855,,,,,,,,,,,,,
332,5677.478404258,1746513515.3516226,,,,,,,,,,,,,
333,5680.877633075,1746513518.750818,,,,,,,,,,,,,
334,5720.538311318,1746513558.411254,0.17842981219291687,0.21779604256153107,0.502729594707489,,,,,,,,,,
335,5726.994691427,1746513564.867806,,,,,,,,,,,,,
336,5730.778725641,1746513568.651919,,,,,,,,,,,,,
337,5735.286335291,1746513573.1595201,,,,,,,,,,,,,
338,5739.443122648,1746513577.3163476,,,,,,,,,,,,,
339,5832.61204641,1746513670.4847367,0.05397961661219597,0.09595254808664322,0.5329293608665466,75.85405531969329,78.01548076802943,43.11538601313754,731.2547520284143,242.7267518757826,138.9870119442,634.7472679354512,307.603275377859,524.971666741391,804.9348250572591
340,5839.330968458,1746513677.2039447,,,,,,,,,,,,,
341,5843.286519393,1746513681.159742,,,,,,,,,,,,,
342,5847.95291603,1746513685.8260806,,,,,,,,,,,,,
343,5851.480440759,1746513689.3536136,,,,,,,,,,,,,
344,5892.271091881,1746513730.1117728,0.038233835250139236,0.10557227581739426,0.4914650022983551,,,,,,,,,,
345,5898.384008719,1746513736.2571766,,,,,,,,,,,,,
346,5902.83358165,1746513740.7066915,,,,,,,,,,,,,
347,5906.875469404,1746513744.748641,,,,,,,,,,,,,
348,5910.686806773,1746513748.5600092,,,,,,,,,,,,,
349,6003.987756291,1746513841.8604016,0.10444512218236923,0.0837368592619896,0.4860900044441223,69.32832293143989,76.3513221456103,44.721771422859455,727.4210787932441,244.6571054068229,129.51391710191965,611.6887646411125,274.00657129785947,525.1055621883876,794.6175833304624
350,6010.361846754,1746513848.2349358,,,,,,,,,,,,,
351,6014.2636932,1746513852.136823,,,,,,,,,,,,,
352,6018.191829916,1746513856.0650153,,,,,,,,,,,,,
353,6022.440052163,1746513860.3132014,,,,,,,,,,,,,
354,6063.639134198,1746513901.5119238,0.021570852026343346,0.020780516788363457,0.5027028322219849,,,,,,,,,,
355,6070.446377187,1746513908.3194604,,,,,,,,,,,,,
356,6074.80636327,1746513912.679531,,,,,,,,,,,,,
357,6079.306573557,1746513917.1796877,,,,,,,,,,,,,
358,6082.906472042,1746513920.7797267,,,,,,,,,,,,,
359,6175.277950948,1746514013.1507387,0.10737748444080353,0.13089554011821747,0.5597094893455505,67.7139780311657,76.79485358288373,43.748465997076146,697.026666236952,238.05026191203123,129.13504515253814,597.6172281857597,265.2434136161807,526.4913106809179,776.0641344238581
360,6181.712191621,1746514019.5853248,,,,,,,,,,,,,
361,6185.698925051,1746514023.572064,,,,,,,,,,,,,
362,6189.781412955,1746514027.6546369,,,,,,,,,,,,,
363,6193.980451896,1746514031.8536398,,,,,,,,,,,,,
364,6233.559296938,1746514071.4322195,0.1106906458735466,0.12544815242290497,0.4733060896396637,,,,,,,,,,
365,6239.21369372,1746514077.086777,,,,,,,,,,,,,
366,6243.411212546,1746514081.284447,,,,,,,,,,,,,
367,6246.873261707,1746514084.7465043,,,,,,,,,,,,,
368,6250.85393119,1746514088.7271717,,,,,,,,,,,,,
369,6343.945847797,1746514181.8186665,0.09637878090143204,0.06522641330957413,0.49311357736587524,75.6374313117604,78.72611478812536,49.56823756343578,777.1090304727155,237.72762519697022,144.10572707214212,636.0472218861275,309.95598274800136,526.8140733224313,823.5336553119037
370,6350.126498156,1746514187.9996002,,,,,,,,,,,,,
371,6354.150114145,1746514192.0232744,,,,,,,,,,,,,
372,6357.836876938,1746514195.710134,,,,,,,,,,,,,
373,6362.487202541,1746514200.3603146,,,,,,,,,,,,,
374,6403.812041626,1746514241.6850102,0.062327899038791656,0.1280473917722702,0.5127862095832825,,,,,,,,,,
375,6410.153687553,1746514248.0267742,,,,,,,,,,,,,
376,6414.778697046,1746514252.6518476,,,,,,,,,,,,,
377,6418.955232126,1746514256.8284166,,,,,,,,,,,,,
378,6424.063999527,1746514261.9371707,,,,,,,,,,,,,
379,6516.44550464,1746514354.3182726,0.0022866285871714354,0.07710818201303482,0.4661047160625458,75.16330989306218,75.92739745014228,48.06545821149895,664.4571804246506,241.4561088700166,129.88586310103835,586.494895044865,257.65347063914595,524.4865136898828,758.4666574377625
380,6522.601435837,1746514360.4746494,,,,,,,,,,,,,
381,6527.762175697,1746514365.6353388,,,,,,,,,,,,,
382,6531.536052149,1746514369.4091873,,,,,,,,,,,,,
383,6536.36275211,1746514374.2359536,,,,,,,,,,,,,
384,6576.07917798,1746514413.9520578,0.17877459526062012,0.18212340772151947,0.5283603668212891,,,,,,,,,,
385,6582.3704629,1746514420.2435527,,,,,,,,,,,,,
386,6586.679286731,1746514424.5524776,,,,,,,,,,,,,
387,6590.521726419,1746514428.394852,,,,,,,,,,,,,
388,6594.893027746,1746514432.7661872,,,,,,,,,,,,,
389,6687.467765799,1746514525.3406277,0.08463575690984726,0.09206023812294006,0.46288546919822693,54.960531125760355,76.59665376024795,38.84901473820253,614.4762925633452,257.28231111805553,89.31567959413702,555.3552280157309,202.17978835892106,525.404483075155,729.5508636853036
390,6693.416800498,1746514531.2899797,,,,,,,,,,,,,
391,6697.63132032,1746514535.5045516,,,,,,,,,,,,,
392,6701.540869066,1746514539.4142613,,,,,,,,,,,,,
393,6705.307765763,1746514543.1810567,,,,,,,,,,,,,
394,6743.539701737,1746514581.4127023,0.2004561424255371,0.18180277943611145,0.5452198386192322,,,,,,,,,,
395,6749.642191092,1746514587.5154002,,,,,,,,,,,,,
396,6753.534226239,1746514591.407428,,,,,,,,,,,,,
397,6757.764319982,1746514595.637429,,,,,,,,,,,,,
398,6762.706514245,1746514600.5796955,,,,,,,,,,,,,
399,6854.923574154,1746514692.796261,0.15367820858955383,0.1312713772058487,0.5786675810813904,57.40625537255273,76.51819030739753,39.78547143599478,711.5463498808436,258.44978358178236,116.9071718063963,570.097976346156,242.73793536636458,523.1399763355296,773.6036777413683
400,6861.063840903,1746514698.9369671,,,,,,,,,,,,,
401,6865.518298843,1746514703.3913665,,,,,,,,,,,,,
402,6869.567677572,1746514707.4408653,,,,,,,,,,,,,
403,6873.297013214,1746514711.1702316,,,,,,,,,,,,,
404,6912.130337432,1746514750.003148,0.0548846498131752,0.06964695453643799,0.5257505178451538,,,,,,,,,,
405,6918.363820209,1746514756.2369719,,,,,,,,,,,,,
406,6922.598826735,1746514760.4720206,,,,,,,,,,,,,
407,6926.399248212,1746514764.2723002,,,,,,,,,,,,,
408,6930.9355726,1746514768.8087199,,,,,,,,,,,,,
409,7022.270060475,1746514860.1427627,0.06899700313806534,0.05258244276046753,0.501747190952301,67.41116261244665,75.9428519072291,38.816934598952166,795.8120665345322,257.23401221408153,124.85891091815265,579.3737713475601,238.8668349784118,524.7418551361774,811.4178796501242
410,7028.65130637,1746514866.5244777,,,,,,,,,,,,,
411,7033.195552996,1746514871.0687075,,,,,,,,,,,,,
412,7037.119084058,1746514874.9922538,,,,,,,,,,,,,
413,7041.361052235,1746514879.2342305,,,,,,,,,,,,,
414,7081.543914406,1746514919.4167163,0.15223757922649384,0.19024629890918732,0.6162456274032593,,,,,,,,,,
415,7087.474704746,1746514925.347914,,,,,,,,,,,,,
416,7091.485350559,1746514929.3585,,,,,,,,,,,,,
417,7096.157232253,1746514934.0303867,,,,,,,,,,,,,
418,7100.074308734,1746514937.947561,,,,,,,,,,,,,
419,7190.550489926,1746515028.423263,0.07461782544851303,0.10486769676208496,0.5176815390586853,75.78078273000176,80.69153211575657,36.817289036504505,812.4355861360825,258.90136524609915,151.70816127295987,590.8631509236926,295.0212640020043,525.6183252227216,823.3470979622185
420,7196.940573346,1746515034.8137548,,,,,,,,,,,,,
421,7200.267926875,1746515038.1411314,,,,,,,,,,,,,
422,7204.865235365,1746515042.7384758,,,,,,,,,,,,,
423,7208.925878914,1746515046.7989862,,,,,,,,,,,,,
424,7246.977868079,1746515084.8508415,0.11906379461288452,0.20812229812145233,0.5123358964920044,,,,,,,,,,
425,7253.291735117,1746515091.1648855,,,,,,,,,,,,,
426,7257.939869581,1746515095.8131344,,,,,,,,,,,,,
427,7261.870116971,1746515099.743479,,,,,,,,,,,,,
428,7265.808425429,1746515103.6815953,,,,,,,,,,,,,
429,7358.24294229,1746515196.1157422,-0.015097777359187603,-0.004381300415843725,0.4843228757381439,70.39575197913945,75.46148423085452,38.83076366693725,698.9549216324002,258.19751201491766,128.0482046837778,579.3127896882659,239.65756031390032,523.3157029960679,772.2728681296771
430,7364.650303293,1746515202.5234652,,,,,,,,,,,,,
431,7368.599220007,1746515206.4723642,,,,,,,,,,,,,
432,7372.608427091,1746515210.4815183,,,,,,,,,,,,,
433,7376.341538142,1746515214.214779,,,,,,,,,,,,,
434,7415.443909211,1746515253.3170316,0.15278367698192596,0.11193826049566269,0.5516709685325623,,,,,,,,,,
435,7421.900498564,1746515259.7736351,,,,,,,,,,,,,
436,7425.305557186,1746515263.1787813,,,,,,,,,,,,,
437,7429.515411818,1746515267.388556,,,,,,,,,,,,,
438,7433.149238141,1746515271.0225208,,,,,,,,,,,,,
439,7531.716944211,1746515369.5896735,0.14007344841957092,0.18734072148799896,0.5173562169075012,62.17750409797279,77.91507083667577,36.53334024767975,692.1173161377928,255.45894880642777,114.16414074969059,554.1182022938543,216.05341009756702,525.6759466767797,759.8563758046563
440,7537.52318108,1746515375.3961105,,,,,,,,,,,,,
441,7541.821288567,1746515379.6945465,,,,,,,,,,,,,
442,7546.230861069,1746515384.1040008,,,,,,,,,,,,,
443,7550.117249036,1746515387.9904394,,,,,,,,,,,,,
444,7589.047890726,1746515426.920878,0.22290027141571045,0.24297116696834564,0.5600183606147766,,,,,,,,,,
445,7595.362640517,1746515433.2357614,,,,,,,,,,,,,
446,7599.646854879,1746515437.5199947,,,,,,,,,,,,,
447,7603.541416687,1746515441.4145277,,,,,,,,,,,,,
448,7607.292492919,1746515445.16566,,,,,,,,,,,,,
449,7695.437483528,1746515533.3102682,-0.030280768871307373,0.0331941694021225,0.49132615327835083,68.03836970421233,78.05444572180197,38.46367400923585,739.2702208413818,253.50820375093406,125.79990867203875,584.6339352617752,239.38071846122097,524.4644330763813,790.0490764220021
450,7701.064907759,1746515538.9381237,,,,,,,,,,,,,
451,7705.21375553,1746515543.0869725,,,,,,,,,,,,,
452,7710.173280372,1746515548.0465415,,,,,,,,,,,,,
453,7713.859512132,1746515551.7328947,,,,,,,,,,,,,
454,7752.648188933,1746515590.5211236,0.07138287276029587,0.08884582668542862,0.4888250529766083,,,,,,,,,,
455,7758.889742279,1746515596.7628393,,,,,,,,,,,,,
456,7762.791993075,1746515600.6645477,,,,,,,,,,,,,
457,7766.935807526,1746515604.8089962,,,,,,,,,,,,,
458,7771.143718112,1746515609.0170135,,,,,,,,,,,,,
459,7860.022748687,1746515697.895587,0.1992400884628296,0.10884072631597519,0.5748283267021179,74.02097295841014,77.11211740210888,38.848390371292695,782.3823246310047,255.21845349518628,121.81880610875844,584.198137856365,223.99072103880067,524.531237741127,807.488370790436
460,7866.514330983,1746515704.387556,,,,,,,,,,,,,
461,7870.83760831,1746515708.7107189,,,,,,,,,,,,,
462,7875.617477336,1746515713.4905488,,,,,,,,,,,,,
463,7879.833680904,1746515717.7068446,,,,,,,,,,,,,
464,7919.318256391,1746515757.1912444,0.07565780729055405,0.1286693662405014,0.47422105073928833,,,,,,,,,,
465,7925.124435472,1746515762.9975803,,,,,,,,,,,,,
466,7928.947766972,1746515766.8211489,,,,,,,,,,,,,
467,7932.555029896,1746515770.3875875,,,,,,,,,,,,,
468,7936.690523122,1746515774.563736,,,,,,,,,,,,,
469,8028.68941426,1746515866.562147,0.04343526437878609,0.11974870413541794,0.5021532773971558,67.82982440126128,75.50822893935003,36.6127726019543,761.236008294887,248.89503415996364,144.4551296242064,584.9079481446327,284.05956506155763,523.2012175907457,797.5170764440987
470,8035.168441031,1746515873.041728,,,,,,,,,,,,,
471,8039.135088702,1746515877.0083628,,,,,,,,,,,,,
472,8043.611643112,1746515881.4850206,,,,,,,,,,,,,
473,8047.425648571,1746515885.2989085,,,,,,,,,,,,,
474,8087.157692336,1746515925.0305915,-0.041877686977386475,-0.0004184577555861324,0.4929959774017334,,,,,,,,,,
475,8093.274876216,1746515931.1480474,,,,,,,,,,,,,
476,8097.569010018,1746515935.4422622,,,,,,,,,,,,,
477,8101.444184001,1746515939.317376,,,,,,,,,,,,,
478,8105.207887595,1746515943.0812936,,,,,,,,,,,,,
479,8200.525913282,1746516038.3987086,0.06519076228141785,0.09936714172363281,0.5339407920837402,63.3787130699565,77.78233357117617,38.380079698524426,733.0151867416839,247.31595703233316,117.62514402846054,568.8559527983958,223.08511548308778,525.3065127930565,780.3342523397213
480,8206.420144451,1746516044.2932148,,,,,,,,,,,,,
481,8210.7108198,1746516048.5841033,,,,,,,,,,,,,
482,8214.61862843,1746516052.4919229,,,,,,,,,,,,,
483,8218.677340376,1746516056.5505452,,,,,,,,,,,,,
484,8257.108938251,1746516094.981885,0.04767173156142235,0.06013898923993111,0.4989069402217865,,,,,,,,,,
485,8263.264153979,1746516101.137492,,,,,,,,,,,,,
486,8267.00045259,1746516104.8736663,,,,,,,,,,,,,
487,8271.509507786,1746516109.382759,,,,,,,,,,,,,
488,8275.606423724,1746516113.4797573,,,,,,,,,,,,,
489,8364.863618809,1746516202.7364392,0.15049323439598083,0.20412993431091309,0.5224414467811584,66.79757310629236,78.91301486244174,36.68059065062325,703.4812976761875,250.78614512042466,118.53058683127625,548.1242219553116,219.90455678182744,526.1349757565891,761.2534271793202
490,8371.094727132,1746516208.9678135,,,,,,,,,,,,,
491,8374.648117623,1746516212.5215275,,,,,,,,,,,,,
492,8378.680324045,1746516216.553467,,,,,,,,,,,,,
493,8382.623069563,1746516220.4603386,,,,,,,,,,,,,
494,8421.286841289,1746516259.1596506,0.07019008696079254,0.04289279505610466,0.5229595899581909,,,,,,,,,,
495,8427.897738111,1746516265.7708383,,,,,,,,,,,,,
496,8432.352915822,1746516270.2261198,,,,,,,,,,,,,
497,8436.701700083,1746516274.5750837,,,,,,,,,,,,,
498,8440.540953414,1746516278.414089,,,,,,,,,,,,,
499,8529.163344631,1746516367.0359137,0.04994066059589386,0.16185270249843597,0.5713324546813965,66.83049913202746,77.54183950620899,39.284055265894146,670.6163572250116,256.9422636512998,111.17977793250867,548.6335416513787,210.37659138672703,524.7364337875568,748.982985795839
500,8535.789035925,1746516373.6622574,,,,,,,,,,,,,
501,8540.083397243,1746516377.956341,,,,,,,,,,,,,
502,8544.187570859,1746516382.06088,,,,,,,,,,,,,
503,8548.650474636,1746516386.5237615,,,,,,,,,,,,,
504,8586.874137415,1746516424.7469923,0.1685827672481537,0.2239021360874176,0.542796790599823,,,,,,,,,,
505,8592.971333612,1746516430.844459,,,,,,,,,,,,,
506,8596.98954586,1746516434.8626988,,,,,,,,,,,,,
507,8601.004158752,1746516438.877525,,,,,,,,,,,,,
508,8604.97320616,1746516442.8464391,,,,,,,,,,,,,
509,8696.870908841,1746516534.7435799,0.08434949070215225,0.08446576446294785,0.4596277177333832,59.6322493385293,75.93856648008962,35.846066670092256,737.2101778837889,259.9849665309543,109.39635980708172,543.2875904513555,199.68763776382158,523.3121618869093,773.5209653950121
510,8703.214693349,1746516541.087891,,,,,,,,,,,,,
511,8706.901456705,1746516544.774862,,,,,,,,,,,,,
512,8710.769652534,1746516548.6428711,,,,,,,,,,,,,
513,8714.8708972,1746516552.7440593,,,,,,,,,,,,,
514,8753.396729065,1746516591.2697554,0.09851551055908203,0.10579293221235275,0.5515210628509521,,,,,,,,,,
515,8758.893787061,1746516596.766945,,,,,,,,,,,,,
516,8762.666950848,1746516600.5208423,,,,,,,,,,,,,
517,8766.80606157,1746516604.679327,,,,,,,,,,,,,
518,8770.988585489,1746516608.8618004,,,,,,,,,,,,,
519,8856.78372632,1746516694.656499,0.00359893380664289,0.08155205100774765,0.4841616749763489,57.27173123026819,77.96939890911361,35.89439015528561,747.8492054022662,259.237408014429,95.75523833760629,542.1177618087147,173.7718758071555,525.5409471156819,778.0506473335511
520,8863.14583869,1746516701.0190449,,,,,,,,,,,,,
521,8867.219108536,1746516705.0922427,,,,,,,,,,,,,
522,8871.053489383,1746516708.9267178,,,,,,,,,,,,,
523,8875.014706316,1746516712.8878791,,,,,,,,,,,,,
524,8913.782095148,1746516751.6550233,0.04101913794875145,0.11454583704471588,0.5385358929634094,,,,,,,,,,
525,8919.621190932,1746516757.4942877,,,,,,,,,,,,,
526,8923.491358522,1746516761.3646183,,,,,,,,,,,,,
527,8927.697658215,1746516765.5708528,,,,,,,,,,,,,
528,8931.444369109,1746516769.3175492,,,,,,,,,,,,,
529,9028.068939313,1746516865.941756,0.11692196130752563,0.06573972851037979,0.5675126314163208,87.24502186232185,77.7719064600405,34.35231826562429,864.7174019411785,254.99144925385642,182.18544723894885,574.2492286634867,353.42531319027427,523.6403661631184,836.0410885578851
530,9035.221655357,1746516873.0947435,,,,,,,,,,,,,
531,9039.776947571,1746516877.6502714,,,,,,,,,,,,,
532,9044.156097083,1746516882.0292027,,,,,,,,,,,,,
533,9048.279580597,1746516886.1527708,,,,,,,,,,,,,
534,9087.54201473,1746516925.414976,0.04231269285082817,0.05214129760861397,0.5064682364463806,,,,,,,,,,
535,9094.267595945,1746516932.1408136,,,,,,,,,,,,,
536,9098.884415816,1746516936.7576585,,,,,,,,,,,,,
537,9103.354414983,1746516941.2276347,,,,,,,,,,,,,
538,9107.389909139,1746516945.2631533,,,,,,,,,,,,,
539,9202.08249354,1746517039.9550316,-0.0001237824617419392,0.04237351939082146,0.5217453837394714,99.92724751112851,75.99536009568504,39.42649289056614,980.4356684822429,257.01786063832253,210.168780850031,600.028755298479,442.5439653274562,523.4384134780813,892.9647070311861
540,9208.967697289,1746517046.8408868,,,,,,,,,,,,,
541,9213.007324751,1746517050.8800783,,,,,,,,,,,,,
542,9217.023830847,1746517054.8966382,,,,,,,,,,,,,
543,9221.098782527,1746517058.9719555,,,,,,,,,,,,,
544,9261.42477201,1746517099.2977076,0.13439016044139862,0.18822602927684784,0.5143765807151794,,,,,,,,,,
545,9267.745340457,1746517105.6184955,,,,,,,,,,,,,
546,9271.773434712,1746517109.6466968,,,,,,,,,,,,,
547,9276.216601341,1746517114.0897932,,,,,,,,,,,,,
548,9280.638742009,1746517118.512002,,,,,,,,,,,,,
549,9376.000520872,1746517213.873421,0.14516659080982208,0.13534031808376312,0.5988569259643555,87.12831156997383,77.93933171315093,34.55193850584428,890.3054609676427,254.4035818970782,194.59442706413972,588.9761282451913,397.0804588516976,525.7373234480756,852.8882814437795
550,9383.065550641,1746517220.9387267,,,,,,,,,,,,,
551,9387.267203607,1746517225.1401713,,,,,,,,,,,,,
552,9391.415727803,1746517229.2890441,,,,,,,,,,,,,
553,9395.800763548,1746517233.6740458,,,,,,,,,,,,,
554,9435.284371562,1746517273.1572533,0.04243448004126549,0.06181557849049568,0.5071165561676025,,,,,,,,,,
555,9441.792600872,1746517279.6657534,,,,,,,,,,,,,
556,9445.583990221,1746517283.4570992,,,,,,,,,,,,,
557,9449.522617099,1746517287.3956811,,,,,,,,,,,,,
558,9452.710907855,1746517290.5840008,,,,,,,,,,,,,
559,9546.739350469,1746517384.611809,0.034777458757162094,0.08957169950008392,0.5318043828010559,83.33134098429528,81.95980236257414,40.53403726415066,819.7675524318863,263.9046321601705,170.24498290698324,572.871227876089,349.19039921003633,525.1382177669138,819.8917256619898
560,9553.619757675,1746517391.4927042,,,,,,,,,,,,,
561,9557.685816211,1746517395.5588953,,,,,,,,,,,,,
562,9561.753108219,1746517399.62613,,,,,,,,,,,,,
563,9566.387220081,1746517404.2604816,,,,,,,,,,,,,
564,9605.529536971,1746517443.402587,0.16484671831130981,0.17616944015026093,0.5259601473808289,,,,,,,,,,
565,9612.93057181,1746517450.8036187,,,,,,,,,,,,,
566,9617.352469991,1746517455.225672,,,,,,,,,,,,,
567,9621.60397932,1746517459.4770973,,,,,,,,,,,,,
568,9625.962158633,1746517463.8349407,,,,,,,,,,,,,
569,9718.634749933,1746517556.507286,0.15438692271709442,0.18304890394210815,0.5319427847862244,64.38703797979748,77.49597223631696,39.29433513935055,635.8984424846691,260.3946330758543,114.54081906449342,535.0745602399237,217.90893804292023,524.0018649759386,730.0688736953833
570,9725.389304236,1746517563.2624524,,,,,,,,,,,,,
571,9729.638663403,1746517567.511806,,,,,,,,,,,,,
572,9733.761658652,1746517571.6347818,,,,,,,,,,,,,
573,9737.42769534,1746517575.3008847,,,,,,,,,,,,,
574,9776.271136184,1746517614.1439981,0.11166727542877197,0.13788142800331116,0.5687219500541687,,,,,,,,,,
575,9783.204257975,1746517621.0773246,,,,,,,,,,,,,
576,9787.386093785,1746517625.2592945,,,,,,,,,,,,,
577,9790.971012232,1746517628.8441765,,,,,,,,,,,,,
578,9794.546148083,1746517632.4193344,,,,,,,,,,,,,
579,9882.921332723,1746517720.7939765,0.060636963695287704,0.11679451912641525,0.5096096992492676,59.908855746116885,73.8525060970128,37.99114520615667,638.7164047460712,265.2655265844894,102.53923618715571,534.0802664108855,194.22655632655935,525.3012157461039,732.2922600781224
580,9889.562896445,1746517727.4359925,,,,,,,,,,,,,
581,9892.661216484,1746517730.5344422,,,,,,,,,,,,,
582,9896.761140602,1746517734.6343687,,,,,,,,,,,,,
583,9901.044377636,1746517738.9175944,,,,,,,,,,,,,
584,9940.136570387,1746517778.0094647,0.07329710572957993,0.08488930016756058,0.5594646334648132,,,,,,,,,,
585,9946.68864155,1746517784.5617273,,,,,,,,,,,,,
586,9950.82133926,1746517788.6945066,,,,,,,,,,,,,
587,9954.320092489,1746517792.1933217,,,,,,,,,,,,,
588,9958.46508174,1746517796.3382246,,,,,,,,,,,,,
589,10047.873101725,1746517885.745919,0.12286665290594101,0.1411176174879074,0.49578067660331726,104.32618276002773,76.41377259586466,35.664274180549626,853.2385995499849,263.25410729221966,220.50591337338895,581.3448895256444,438.562013847841,526.1249226654255,836.9341861548659
590,10054.835921628,1746517892.709008,,,,,,,,,,,,,
591,10058.460678648,1746517896.3337874,,,,,,,,,,,,,
592,10062.603514873,1746517900.4767373,,,,,,,,,,,,,
593,10067.030385814,1746517904.9034953,,,,,,,,,,,,,
594,10108.245972803,1746517946.118736,0.11749739944934845,0.06825417280197144,0.5425681471824646,,,,,,,,,,
595,10115.035923222,1746517952.9090798,,,,,,,,,,,,,
596,10118.900782311,1746517956.7739682,,,,,,,,,,,,,
597,10122.493961787,1746517960.3670697,,,,,,,,,,,,,
598,10126.897981611,1746517964.7712545,,,,,,,,,,,,,
599,10225.339895494,1746518063.2127504,0.1104363203048706,0.1820473074913025,0.5595808625221252,70.5616412750241,78.08119889173958,37.822631939217736,792.8337739684627,262.04858495713813,136.23768781987138,563.646043030984,265.0561335533842,524.6748383775952,804.8715791422446
600,10231.77113774,1746518069.6441238,,,,,,,,,,,,,
601,10236.127011186,1746518074.0002575,,,,,,,,,,,,,
602,10240.34423164,1746518078.2172441,,,,,,,,,,,,,
603,10244.478523483,1746518082.3517005,,,,,,,,,,,,,
604,10282.102460984,1746518119.9753523,0.16680654883384705,0.1308390349149704,0.5417109131813049,,,,,,,,,,
605,10288.105654079,1746518125.97879,,,,,,,,,,,,,
606,10292.318477745,1746518130.191653,,,,,,,,,,,,,
607,10297.210027659,1746518135.083281,,,,,,,,,,,,,
608,10301.499561802,1746518139.3727255,,,,,,,,,,,,,
609,10393.288803635,1746518231.1616185,0.1555452048778534,0.1499091237783432,0.5082058906555176,94.8914449601602,75.46470142780957,37.709217739712074,842.7664194690683,260.4595685702171,177.07194726643638,573.9694702196622,346.62359878237083,523.0048115266512,827.9881942001961
610,10400.329518127,1746518238.2025442,,,,,,,,,,,,,
611,10404.462636848,1746518242.3358214,,,,,,,,,,,,,
612,10408.711199538,1746518246.5843961,,,,,,,,,,,,,
613,10413.311493964,1746518251.1847012,,,,,,,,,,,,,
614,10451.761602046,1746518289.6343997,0.09836473315954208,0.09560476243495941,0.5006163716316223,,,,,,,,,,
615,10458.788071601,1746518296.6611807,,,,,,,,,,,,,
616,10462.599067269,1746518300.472151,,,,,,,,,,,,,
617,10466.661723361,1746518304.5348566,,,,,,,,,,,,,
618,10470.03706539,1746518307.9101894,,,,,,,,,,,,,
619,10561.57964672,1746518399.4524264,0.09193187206983566,0.1044163927435875,0.5337545275688171,72.09527960873716,77.03239970335882,38.93346063741184,737.2059128534033,260.06832632737985,126.28412109755018,535.7789623179513,243.15417184256893,523.5596996799045,770.6314952059796
620,10569.545475603,1746518407.4186957,,,,,,,,,,,,,
621,10573.985921191,1746518411.8591447,,,,,,,,,,,,,
622,10578.509395364,1746518416.3826568,,,,,,,,,,,,,
623,10582.669416379,1746518420.542464,,,,,,,,,,,,,
624,10624.237275091,1746518462.1102176,0.050545550882816315,0.12430345267057419,0.4958155155181885,,,,,,,,,,
625,10630.934993943,1746518468.8080013,,,,,,,,,,,,,
626,10635.302632635,1746518473.175851,,,,,,,,,,,,,
627,10640.17777746,1746518478.0508184,,,,,,,,,,,,,
628,10644.227442832,1746518482.100648,,,,,,,,,,,,,
629,10743.196614436,1746518581.069162,0.082130566239357,0.19141040742397308,0.5590056777000427,55.543720031998674,76.16162499626039,37.575837791698966,766.8556526038268,268.92802604473087,92.0979765989979,528.36727433154,160.4747389472759,523.8454280681595,781.4129472103566
630,10750.704636617,1746518588.5771036,,,,,,,,,,,,,
631,10755.509140905,1746518593.3822987,,,,,,,,,,,,,
632,10759.620040748,1746518597.4932787,,,,,,,,,,,,,
633,10764.452798684,1746518602.3259332,,,,,,,,,,,,,
634,10807.052244927,1746518644.9251833,0.14588592946529388,0.19345621764659882,0.5384631752967834,,,,,,,,,,
635,10813.910400855,1746518651.7835462,,,,,,,,,,,,,
636,10819.022224111,1746518656.8953187,,,,,,,,,,,,,
637,10823.387913293,1746518661.2611363,,,,,,,,,,,,,
638,10827.861854349,1746518665.7350805,,,,,,,,,,,,,
639,10926.354288445,1746518764.2270339,0.1183207556605339,0.1258534938097,0.5003857612609863,62.763580476194974,75.03591628198537,38.44649493187585,793.2144260034298,269.41581399851617,104.01969489873848,526.4467485348414,183.7653447733396,523.9075785047853,791.3106640169259
640,10935.046713693,1746518772.919803,,,,,,,,,,,,,
641,10939.21910151,1746518777.092371,,,,,,,,,,,,,
642,10943.752959667,1746518781.626168,,,,,,,,,,,,,
643,10947.851813084,1746518785.7249427,,,,,,,,,,,,,
644,10989.335434331,1746518827.208407,0.14982204139232635,0.17349623143672943,0.5207419991493225,,,,,,,,,,
645,10996.779622218,1746518834.6528418,,,,,,,,,,,,,
646,11001.733862788,1746518839.607197,,,,,,,,,,,,,
647,11006.414217516,1746518844.287273,,,,,,,,,,,,,
648,11010.828019731,1746518848.7012382,,,,,,,,,,,,,
649,11108.478171251,1746518946.3506525,0.10152075439691544,0.12464138120412827,0.4957023561000824,60.414605959639644,77.81154203928853,38.930390113129675,779.6563658157548,270.99487250418656,100.07761959293866,521.7591005881696,169.380409075463,526.5036815780797,785.3666336936392
650,11115.686252277,1746518953.5594394,,,,,,,,,,,,,
651,11120.071118156,1746518957.9410381,,,,,,,,,,,,,
652,11124.27983412,1746518962.1529782,,,,,,,,,,,,,
653,11128.654325697,1746518966.527488,,,,,,,,,,,,,
654,11171.041505091,1746519008.9144163,0.03281519562005997,0.15552036464214325,0.5011177062988281,,,,,,,,,,
655,11178.309032725,1746519016.1821635,,,,,,,,,,,,,
656,11181.985755091,1746519019.858915,,,,,,,,,,,,,
657,11185.792419216,1746519023.6656544,,,,,,,,,,,,,
658,11190.797665535,1746519028.6708248,,,,,,,,,,,,,
659,11292.989813533,1746519130.8626027,0.08289839327335358,0.12710396945476532,0.5202021598815918,75.32357362371688,77.23012311541675,39.10584075946625,834.2394866403893,270.19189857573207,139.68986060927415,525.7980862758494,256.03344181627216,521.1723697650988,806.5223567876814
660,11301.116730589,1746519138.989932,,,,,,,,,,,,,
661,11305.550288638,1746519143.423415,,,,,,,,,,,,,
662,11310.248566147,1746519148.1217685,,,,,,,,,,,,,
663,11314.337529932,1746519152.210821,,,,,,,,,,,,,
664,11353.793710281,1746519191.6666503,0.12702542543411255,0.18035586178302765,0.5373685956001282,,,,,,,,,,
665,11360.284897405,1746519198.1580634,,,,,,,,,,,,,
666,11364.280490248,1746519202.1537244,,,,,,,,,,,,,
667,11368.445627581,1746519206.31894,,,,,,,,,,,,,
668,11372.503344935,1746519210.3765066,,,,,,,,,,,,,
669,11466.914174751,1746519304.7869892,0.07693446427583694,0.07780654728412628,0.49257031083106995,69.07872379164496,78.41615496469886,41.089856801915964,851.535278561151,279.3859302947728,135.20794995516175,523.7527203633906,251.81589651592998,524.8092686264821,815.9160930793639
670,11473.415874657,1746519311.2889388,,,,,,,,,,,,,
671,11477.711084893,1746519315.584238,,,,,,,,,,,,,
672,11482.264739899,1746519320.1379857,,,,,,,,,,,,,
673,11486.694524226,1746519324.5677187,,,,,,,,,,,,,
674,11526.630659096,1746519364.5036244,0.08582895249128342,0.14003045856952667,0.5793318152427673,,,,,,,,,,
675,11533.106873508,1746519370.979986,,,,,,,,,,,,,
676,11537.157965138,1746519375.0311832,,,,,,,,,,,,,
677,11541.615849905,1746519379.4889705,,,,,,,,,,,,,
678,11545.890401555,1746519383.763594,,,,,,,,,,,,,
679,11640.048332357,1746519477.9211788,-0.009884129278361797,0.09777941554784775,0.5026226043701172,104.70144477493687,77.92842148057123,34.06938097833592,1094.6783033824786,272.18185248913073,238.7550701968034,569.0001176876348,486.65983764603095,524.0402329068372,929.5238320886062
680,11647.102384033,1746519484.9754193,,,,,,,,,,,,,
681,11651.672630332,1746519489.5456836,,,,,,,,,,,,,
682,11655.849407446,1746519493.7226388,,,,,,,,,,,,,
683,11660.757008359,1746519498.6301825,,,,,,,,,,,,,
684,11698.984224998,1746519536.8571808,0.011651537381112576,0.016664069145917892,0.49693503975868225,,,,,,,,,,
685,11705.152916232,1746519543.0260408,,,,,,,,,,,,,
686,11708.973684367,1746519546.8468876,,,,,,,,,,,,,
687,11712.708841767,1746519550.5819528,,,,,,,,,,,,,
688,11716.298499326,1746519554.1717012,,,,,,,,,,,,,
689,11809.169458988,1746519647.0422776,0.14280150830745697,0.20461130142211914,0.5866532921791077,74.00725231377169,76.00726752474438,38.716192754234015,845.4505361488054,270.3493589695869,143.13475496760844,525.6675809737459,287.76706661379455,524.6859511868164,812.3914991176644
690,11816.807170024,1746519654.6802464,,,,,,,,,,,,,
691,11821.040852387,1746519658.913987,,,,,,,,,,,,,
692,11824.724834221,1746519662.5980072,,,,,,,,,,,,,
693,11829.419126305,1746519667.2923603,,,,,,,,,,,,,
694,11868.498666682,1746519706.3716877,0.11380373686552048,0.11696469038724899,0.4896737039089203,,,,,,,,,,
695,11874.740858822,1746519712.6140106,,,,,,,,,,,,,
696,11879.438824097,1746519717.3119254,,,,,,,,,,,,,
697,11883.91437728,1746519721.7875686,,,,,,,,,,,,,
698,11888.488696276,1746519726.3618727,,,,,,,,,,,,,
699,11978.182318944,1746519816.0543706,0.05548422411084175,0.10495078563690186,0.5277571082115173,54.96020475404608,74.50085077297636,37.7600373466739,711.6700202746274,272.59102980610584,91.521638293369,498.6574033337054,164.86521573924176,524.4192784211099,748.4168867729984
700,11984.594418982,1746519822.4675574,,,,,,,,,,,,,
701,11988.745942843,1746519826.618989,,,,,,,,,,,,,
702,11992.977902724,1746519830.8511753,,,,,,,,,,,,,
703,11997.027043303,1746519834.9002488,,,,,,,,,,,,,
704,12036.661306955,1746519874.5341284,0.08749180287122726,0.1130666509270668,0.527629017829895,,,,,,,,,,
705,12043.426412553,1746519881.29949,,,,,,,,,,,,,
706,12047.977506665,1746519885.8506782,,,,,,,,,,,,,
707,12051.853890111,1746519889.7270176,,,,,,,,,,,,,
708,12056.619894029,1746519894.4931157,,,,,,,,,,,,,
709,12150.751882958,1746519988.6246228,0.11697328090667725,0.11120792478322983,0.5110971331596375,53.12654694615301,77.11210675639654,41.891181316158395,712.3878999686091,277.2236160872201,96.10035780385424,505.5179463415339,165.8645347380295,523.9226878050385,752.1761368635167
710,12157.686217096,1746519995.5593536,,,,,,,,,,,,,
